<?xml version="1.0" encoding="UTF-8" standalone="no"?>
<project>
	<configuration id="com.renesas.cdt.RL78.configuration.debug.405856576" name="Debug">
		<extension point="org.eclipse.cdt.core.LanguageSettingsProvider">
			<provider copy-of="extension" id="org.eclipse.cdt.ui.UserLanguageSettingsProvider"/>
			<provider class="com.renesas.cdt.common.build.spec.RL78GCCBuiltinSpecsDetector" console="false" env-hash="582602311936519243" id="RL78GCCBuiltinSpecsDetector" keep-relative-paths="false" name="Renesas RL78 GCCBuildinCompilerSettings" options-hash="32" parameter="rl78-elf-gcc -E -P -v -dD ${INPUTS}" prefer-non-shared="true">
				<language-scope id="org.eclipse.cdt.core.gcc"/>
				<language-scope id="org.eclipse.cdt.core.g++"/>
			</provider>
			<provider-reference id="org.eclipse.cdt.managedbuilder.core.MBSLanguageSettingsProvider" ref="shared-provider"/>
			<provider-reference id="com.renesas.cdt.managedbuilder.gnu.core.rl78TcBuiltinLanguageSettings" ref="shared-provider"/>
		</extension>
	</configuration>
	<configuration id="com.renesas.cdt.RL78.configuration.release.774987581" name="Release">
		<extension point="org.eclipse.cdt.core.LanguageSettingsProvider">
			<provider copy-of="extension" id="org.eclipse.cdt.ui.UserLanguageSettingsProvider"/>
			<provider class="com.renesas.cdt.common.build.spec.RL78GCCBuiltinSpecsDetector" console="false" env-hash="582602311936519243" id="RL78GCCBuiltinSpecsDetector" keep-relative-paths="false" name="Renesas RL78 GCCBuildinCompilerSettings" options-hash="32" parameter="rl78-elf-gcc -E -P -v -dD ${INPUTS}" prefer-non-shared="true">
				<language-scope id="org.eclipse.cdt.core.gcc"/>
				<language-scope id="org.eclipse.cdt.core.g++"/>
			</provider>
			<provider-reference id="org.eclipse.cdt.managedbuilder.core.MBSLanguageSettingsProvider" ref="shared-provider"/>
			<provider-reference id="com.renesas.cdt.managedbuilder.gnu.core.rl78TcBuiltinLanguageSettings" ref="shared-provider"/>
		</extension>
	</configuration>
</project>
